"Id","OwnerId","IsDeleted","Name","CreatedDate","CreatedById","LastModifiedDate","LastModifiedById","SystemModstamp","LastActivityDate","LastViewedDate","LastReferencedDate","ConnectionReceivedId","ConnectionSentId","nFORCE__Disable_Print__c","nFORCE__Show_Link_To_Context_Object__c","nFORCE__lookupKey__c","nPortal__Add_Multi_Record_Display_Icon__c","nPortal__Maximum_Number_of_Records__c","nPortal__Minimum_Number_of_Records__c","nPortal__OA_Review_Multiple_Record_Entry_Label__c"
"a2G5f000000xapeEAA","0055f000004XdsRAAS","","Total Exposure Screen","2021-11-10T13:29:22.000Z","0055f000004XdsRAAS","2021-11-10T13:29:22.000Z","0055f000004XdsRAAS","","","","","","","false","true","42278923698642823","","","",""
"a2G5f000000xapfEAA","0055f000004XdsRAAS","","Borrowing Structure Information","2021-11-10T13:29:22.000Z","0055f000004XdsRAAS","2021-11-10T13:29:22.000Z","0055f000004XdsRAAS","","","","","","","false","true","02551560278745076","","","",""
"a2G5f000000xapgEAA","0055f000004XdsRAAS","","Change Memo","2021-11-10T13:29:22.000Z","0055f000004XdsRAAS","2021-11-10T13:29:22.000Z","0055f000004XdsRAAS","","","","","","","false","true","60941560278867078","","","",""
"a2G5f000000xaphEAA","0055f000004XdsRAAS","","Borrowing Structure Information","2021-11-10T13:29:22.000Z","0055f000004XdsRAAS","2021-11-10T13:29:22.000Z","0055f000004XdsRAAS","","","","","","","false","true","52691560278867079","","","",""
"a2G5f000000xapiEAA","0055f000004XdsRAAS","","Total Exposure Screen","2021-11-10T13:29:22.000Z","0055f000004XdsRAAS","2021-11-10T13:29:22.000Z","0055f000004XdsRAAS","","","","","","","false","true","20091562008947218","","","",""
"a2G5f000000xapjEAA","0055f000004XdsRAAS","","Loan Products","2021-11-10T13:29:22.000Z","0055f000004XdsRAAS","2021-11-10T13:29:22.000Z","0055f000004XdsRAAS","","","","","","","false","true","48781562008947219","","","",""
"a2G5f000000xapkEAA","0055f000004XdsRAAS","","Deposit Products","2021-11-10T13:29:22.000Z","0055f000004XdsRAAS","2021-11-10T13:29:22.000Z","0055f000004XdsRAAS","","","","","","","false","true","86701562008947219","","","",""
"a2G5f000000xaplEAA","0055f000004XdsRAAS","","Secured SBL Eligibility","2021-11-10T13:29:22.000Z","0055f000004XdsRAAS","2021-11-10T13:29:22.000Z","0055f000004XdsRAAS","","","","","","","false","true","42415980332756543","","","",""
"a2G5f000000xapmEAA","0055f000004XdsRAAS","","SBL Personal","2021-11-10T13:29:22.000Z","0055f000004XdsRAAS","2021-11-10T13:29:22.000Z","0055f000004XdsRAAS","","","","","","","false","true","42692911532156791","","","",""
"a2G5f000000xapnEAA","0055f000004XdsRAAS","","Available One to Many Screen Sections","2021-11-10T13:29:22.000Z","0055f000004XdsRAAS","2021-11-10T13:29:22.000Z","0055f000004XdsRAAS","","","","","","","false","true","429446046658847391","","","",""
"a2G5f000000xappEAA","0055f000004XdsRAAS","","Details- business EO","2021-11-10T13:29:22.000Z","0055f000004XdsRAAS","2021-11-10T13:29:22.000Z","0055f000004XdsRAAS","","","","","","","false","true","42754538931621755","","","",""
"a2G5f000000xapqEAA","0055f000004XdsRAAS","","Details - EO","2021-11-10T13:29:22.000Z","0055f000004XdsRAAS","2021-11-10T13:29:22.000Z","0055f000004XdsRAAS","","","","","","","false","true","42083286394967946","","","",""
"a2G5f000000xaprEAA","0055f000004XdsRAAS","","Details","2021-11-10T13:29:22.000Z","0055f000004XdsRAAS","2021-11-10T13:29:22.000Z","0055f000004XdsRAAS","","","","","","","false","true","42206232254498796","","","",""
"a2G5f000000xapsEAA","0055f000004XdsRAAS","","Beneficiary","2021-11-10T13:29:22.000Z","0055f000004XdsRAAS","2021-11-10T13:29:22.000Z","0055f000004XdsRAAS","","","","","","","false","true","42856498406131349","","","",""
"a2G5f000000xaptEAA","0055f000004XdsRAAS","","Adverse Actions","2021-11-10T13:29:22.000Z","0055f000004XdsRAAS","2021-11-10T13:29:22.000Z","0055f000004XdsRAAS","","","","","","","false","true","19891585604340855","","","",""
"a2G5f000000xapuEAA","0055f000004XdsRAAS","","Change of Ownership","2021-11-10T13:29:22.000Z","0055f000004XdsRAAS","2021-11-10T13:29:22.000Z","0055f000004XdsRAAS","","","","","","","false","true","a2G5f000000xapuEAA","","","",""
"a2G5f000000xapvEAA","0055f000004XdsRAAS","","Account Debt","2021-11-10T13:29:22.000Z","0055f000004XdsRAAS","2021-11-10T13:29:22.000Z","0055f000004XdsRAAS","","","","","","","false","true","a2G5f000000xapvEAA","","","",""
"a2G5f000000xapwEAA","0055f000004XdsRAAS","","Injections","2021-11-10T13:29:22.000Z","0055f000004XdsRAAS","2021-11-10T13:29:22.000Z","0055f000004XdsRAAS","","","","","","","false","true","a2G5f000000xapwEAA","","","",""
"a2G5f000000xapxEAA","0055f000004XdsRAAS","","Balance Details","2021-11-10T13:29:22.000Z","0055f000004XdsRAAS","2021-11-10T13:29:22.000Z","0055f000004XdsRAAS","","","","","","","false","true","18751585604340855","","","",""
"a2G5f000000xapyEAA","0055f000004XdsRAAS","","Booked Information","2021-11-10T13:29:22.000Z","0055f000004XdsRAAS","2021-11-10T13:29:22.000Z","0055f000004XdsRAAS","","","","","","","false","true","86611585604340855","","","",""
"a2G5f000000xapzEAA","0055f000004XdsRAAS","","Pricing","2021-11-10T13:29:22.000Z","0055f000004XdsRAAS","2021-11-10T13:29:22.000Z","0055f000004XdsRAAS","","","","","","","false","true","79341585604340856","","","",""
"a2G5f000000xaq2EAA","0055f000004XdsRAAS","","DEP Personal Info (Individual)","2021-11-10T13:29:22.000Z","0055f000004XdsRAAS","2021-11-10T13:29:22.000Z","0055f000004XdsRAAS","","","","","","","false","true","42747891239502889","","","",""
"a2G5f000000xaq3EAA","0055f000004XdsRAAS","","DEP Personal Info (Individual Additional Owner)","2021-11-10T13:29:22.000Z","0055f000004XdsRAAS","2021-11-10T13:29:22.000Z","0055f000004XdsRAAS","","","","","","","false","true","42877898799061822","","","",""
"a2G5f000000xaq4EAA","0055f000004XdsRAAS","","DEP Business Info","2021-11-10T13:29:22.000Z","0055f000004XdsRAAS","2021-11-10T13:29:22.000Z","0055f000004XdsRAAS","","","","","","","false","true","42521926955999322","","","",""
"a2G5f000000xaq7EAA","0055f000004XdsRAAS","","Add Beneficiaries","2021-11-10T13:29:22.000Z","0055f000004XdsRAAS","2021-11-10T13:29:22.000Z","0055f000004XdsRAAS","","","","","","","false","true","42933845298338736","","4.0","","Beneficiary Information"
"a2G5f000000xaq8EAA","0055f000005hWQbAAM","","ReviewSubmitDeposit","2021-11-10T13:29:22.000Z","0055f000005hWQbAAM","2021-11-10T13:29:22.000Z","0055f000005hWQbAAM","","","","","","","false","false","32784779_5423_4348_B702_0A3978035931","","","",""
"a2G5f000000xaq9EAA","0055f000004XdsRAAS","","DEP Interest Information (Individual)","2021-11-10T13:29:22.000Z","0055f000004XdsRAAS","2021-11-10T13:29:22.000Z","0055f000004XdsRAAS","","","","","","","false","true","42810462241793916","","","",""
"a2G5f000000xaqAEAQ","0055f000004XdsRAAS","","DEP Personal Info (business)","2021-11-10T13:29:22.000Z","0055f000004XdsRAAS","2021-11-10T13:29:22.000Z","0055f000004XdsRAAS","","","","","","","false","true","45611598381727710","","","",""
"a2G5f000000xaqCEAQ","0055f000004XdsRAAS","","DEP Personal Info (business co owner)","2021-11-10T13:29:22.000Z","0055f000004XdsRAAS","2021-11-10T13:29:22.000Z","0055f000004XdsRAAS","","","","","","","false","true","66201598553323869","","","",""
"a2G5f000000xaqDEAQ","0055f000004XdsRAAS","","DAO In-Branch Workflow- Product Information","2021-11-10T13:29:22.000Z","0055f000004XdsRAAS","2021-11-10T13:29:22.000Z","0055f000004XdsRAAS","","","","","","","false","true","42716762031533477","","","",""
"a2G5f000000xaqFEAQ","0055f000004XdsRAAS","","Statement Mailing Address","2021-11-10T13:29:22.000Z","0055f000004XdsRAAS","2021-11-10T13:29:22.000Z","0055f000004XdsRAAS","","","","","","","false","true","42649164738446918","","","",""
"a2G5f000000xaqGEAQ","0055f000004XdsRAAS","","Dummy Screen- Enterprise Onboarding conditional rendering","2021-11-10T13:29:22.000Z","0055f000004XdsRAAS","2021-11-10T13:29:22.000Z","0055f000004XdsRAAS","","","","","","","false","true","42749540180904717","","","",""
"a2G5f000000xaqIEAQ","0055f000004XdsRAAS","","Beneficial Owners","2021-11-10T13:29:22.000Z","0055f000004XdsRAAS","2021-11-10T13:29:22.000Z","0055f000004XdsRAAS","","","","","","","false","true","42420206330006732","","5.0","0.0","Beneficial Owner"
"a2G5f000000xaqJEAQ","0055f000004XdsRAAS","","Secured SBL Eligibility - Test PDI","2021-11-10T13:29:22.000Z","0055f000004XdsRAAS","2021-11-10T13:29:22.000Z","0055f000004XdsRAAS","","","","","","","false","true","42522355733503858","","","",""
"a2G5f000000xaqKEAQ","0055f000004XdsRAAS","","Application Details","2021-11-10T13:29:22.000Z","0055f000004XdsRAAS","2021-11-10T13:29:22.000Z","0055f000004XdsRAAS","","","","","","","false","true","42031262758117926","","","",""
"a2G5f000000xaqLEAQ","0055f000004XdsRAAS","","Underwriting Details","2021-11-10T13:29:22.000Z","0055f000004XdsRAAS","2021-11-10T13:29:22.000Z","0055f000004XdsRAAS","","","","","","","false","true","42328640624982813","","","",""
"a2G5f000000xaqMEAQ","0055f000004XdsRAAS","","Application Details","2021-11-10T13:29:22.000Z","0055f000004XdsRAAS","2021-11-10T13:29:22.000Z","0055f000004XdsRAAS","","","","","","","false","true","59661600720267874","","","",""
"a2G5f000000xaqNEAQ","0055f000004XdsRAAS","","Collateral Summary","2021-11-10T13:29:22.000Z","0055f000004XdsRAAS","2021-11-10T13:29:22.000Z","0055f000004XdsRAAS","","","","","","","false","true","55841600720267874","","","",""
"a2G5f000000xaqOEAQ","0055f000004XdsRAAS","","Enhanced Fees Management","2021-11-10T13:29:22.000Z","0055f000004XdsRAAS","2021-11-10T13:29:22.000Z","0055f000004XdsRAAS","","","","","","","false","true","53471600720267875","","","",""
"a2G5f000000xaqPEAQ","0055f000004XdsRAAS","","Underwriting Details1","2021-11-10T13:29:22.000Z","0055f000004XdsRAAS","2021-11-10T13:29:22.000Z","0055f000004XdsRAAS","","","","","","","false","true","07911600720267875","","","",""
"a2G5f000000xaqQEAQ","0055f000004XdsRAAS","","Application Details","2021-11-10T13:29:22.000Z","0055f000004XdsRAAS","2021-11-10T13:29:22.000Z","0055f000004XdsRAAS","","","","","","","false","true","97481600720341504","","","",""
"a2G5f000000xaqREAQ","0055f000004XdsRAAS","","Collateral Summary","2021-11-10T13:29:22.000Z","0055f000004XdsRAAS","2021-11-10T13:29:22.000Z","0055f000004XdsRAAS","","","","","","","false","true","97701600720341505","","","",""
"a2G5f000000xaqSEAQ","0055f000004XdsRAAS","","Underwriting Details","2021-11-10T13:29:22.000Z","0055f000004XdsRAAS","2021-11-10T13:29:22.000Z","0055f000004XdsRAAS","","","","","","","false","true","94591600720341505","","","",""
"a2G5f000000xaqTEAQ","0055f000004XdsRAAS","","Credit Authorization/Joint Intent","2021-11-10T13:29:22.000Z","0055f000004XdsRAAS","2021-11-10T13:29:22.000Z","0055f000004XdsRAAS","","","","","","","false","true","42820867345365240","","","",""
"a2G5f000000xaqVEAQ","0055f000004XdsRAAS","","Next Steps","2021-11-10T13:29:22.000Z","0055f000004XdsRAAS","2021-11-10T13:29:22.000Z","0055f000004XdsRAAS","","","","","","","false","true","42597622962511405","","","",""
"a2G5f000000xaqWEAQ","0055f000004XdsRAAS","","Manual Underwriting","2021-11-10T13:29:22.000Z","0055f000004XdsRAAS","2021-11-10T13:29:22.000Z","0055f000004XdsRAAS","","","","","","","false","true","42798477393046069","","","",""
"a2G5f000000xaqXEAQ","0055f000004XdsRAAS","","Approval Details","2021-11-10T13:29:22.000Z","0055f000004XdsRAAS","2021-11-10T13:29:22.000Z","0055f000004XdsRAAS","","","","","","","false","true","42722997428486649","","","",""
"a2G5f000000xaqZEAQ","0055f000004XdsRAAS","","Secured RL Eligibility","2021-11-10T13:29:22.000Z","0055f000004XdsRAAS","2021-11-10T13:29:22.000Z","0055f000004XdsRAAS","","","","","","","false","true","12661602078251380","","","",""
"a2G5f000000xaqaEAA","0055f000004XdsRAAS","","Online Income Information","2021-11-10T13:29:22.000Z","0055f000004XdsRAAS","2021-11-10T13:29:22.000Z","0055f000004XdsRAAS","","","","","","","false","true","42234563213912901","","4.0","1.0",""
"a2G5f000000xaqbEAA","0055f000004XdsRAAS","","OARL Personal Info (Individual)","2021-11-10T13:29:22.000Z","0055f000004XdsRAAS","2021-11-10T13:29:22.000Z","0055f000004XdsRAAS","","","","","","","false","true","42323239843997996","","","",""
"a2G5f000000xaqcEAA","0055f000004XdsRAAS","","Secured RL Personal (Individual Other Involved)","2021-11-10T13:29:22.000Z","0055f000004XdsRAAS","2021-11-10T13:29:22.000Z","0055f000004XdsRAAS","","","","","","","false","true","14111602603021209","","","",""
"a2G5f000000xaqdEAA","0055f000004XdsRAAS","","Rental Expense","2021-11-10T13:29:22.000Z","0055f000004XdsRAAS","2021-11-10T13:29:22.000Z","0055f000004XdsRAAS","","","","","","","false","true","42676652900382649","","1.0","1.0",""
"a2G5f000000xaqeEAA","0055f000004XdsRAAS","","Underwriting Details1","2021-11-10T13:29:22.000Z","0055f000004XdsRAAS","2021-11-10T13:29:22.000Z","0055f000004XdsRAAS","","","","","","","false","true","23681602764631366","","","",""
"a2G5f000000xaqfEAA","0055f000004XdsRAAS","","Borrowing Structure","2021-11-10T13:29:22.000Z","0055f000004XdsRAAS","2021-11-10T13:29:22.000Z","0055f000004XdsRAAS","","","","","","","false","true","71161602764631367","","","",""
"a2G5f000000xaqgEAA","0055f000004XdsRAAS","","Application Details","2021-11-10T13:29:22.000Z","0055f000004XdsRAAS","2021-11-10T13:29:22.000Z","0055f000004XdsRAAS","","","","","","","false","true","42724462769795377","","","",""
"a2G5f000000xaqhEAA","0055f000004XdsRAAS","","Loan Team","2021-11-10T13:29:22.000Z","0055f000004XdsRAAS","2021-11-10T13:29:22.000Z","0055f000004XdsRAAS","","","","","","","false","true","42799819999780737","","","",""
"a2G5f000000xaqiEAA","0055f000004XdsRAAS","","Collateral- Locked","2021-11-10T13:29:22.000Z","0055f000004XdsRAAS","2021-11-10T13:29:22.000Z","0055f000004XdsRAAS","","","","","","","false","true","42741467655006969","","","",""
"a2G5f000000xaqjEAA","0055f000004XdsRAAS","","Retail - Editable Details","2021-11-10T13:29:22.000Z","0055f000004XdsRAAS","2021-11-10T13:29:22.000Z","0055f000004XdsRAAS","","","","","","","false","true","42220999464658455","","","",""
"a2G5f000000xaqlEAA","0055f000004XdsRAAS","","Secured RL Eligibility","2021-11-10T13:29:22.000Z","0055f000004XdsRAAS","2021-11-10T13:29:22.000Z","0055f000004XdsRAAS","","","","","","","false","true","98421603129897051","","","",""
"a2G5f000000xaqmEAA","0055f000004XdsRAAS","","Rental Expense- Other involved","2021-11-10T13:29:22.000Z","0055f000004XdsRAAS","2021-11-10T13:29:22.000Z","0055f000004XdsRAAS","","","","","","","false","true","42661183844977569","","1.0","0.0",""
"a2G5f000000xaqnEAA","0055f000004XdsRAAS","","Add Owners MRF","2021-11-10T13:29:22.000Z","0055f000004XdsRAAS","2021-11-10T13:29:22.000Z","0055f000004XdsRAAS","","","","","","","false","true","42247669763471219","","","",""
"a2G5f000000xaqoEAA","0055f000004XdsRAAS","","Add Signers MRF","2021-11-10T13:29:22.000Z","0055f000004XdsRAAS","2021-11-10T13:29:22.000Z","0055f000004XdsRAAS","","","","","","","false","true","42865719039783387","","","",""
"a2G5f000000xaqpEAA","0055f000004XdsRAAS","","Add Others Involved MRF","2021-11-10T13:29:22.000Z","0055f000004XdsRAAS","2021-11-10T13:29:22.000Z","0055f000004XdsRAAS","","","","","","","false","true","42136054162613079","","","",""
"a2G5f000000xaqqEAA","0055f000004XdsRAAS","","Add Others Involved MRF","2021-11-10T13:29:22.000Z","0055f000004XdsRAAS","2021-11-10T13:29:22.000Z","0055f000004XdsRAAS","","","","","","","false","true","42436459684933691","","","",""
"a2G5f000000xaqsEAA","0055f000004XdsRAAS","","Adverse Actions/Counter Offers","2021-11-10T13:29:22.000Z","0055f000004XdsRAAS","2021-11-10T13:29:22.000Z","0055f000004XdsRAAS","","","","","","","false","true","42714169169259151","","","",""
"a2G5f000000xaqtEAA","0055f000004XdsRAAS","","Dummy Screen- IBDAO","2021-11-10T13:29:22.000Z","0055f000004XdsRAAS","2021-11-10T13:29:22.000Z","0055f000004XdsRAAS","","","","","","","false","true","42755485456390388","","","",""
"a2G5f000000xaquEAA","0055f000004XdsRAAS","","Details - EO - Summary Screen","2021-11-10T13:29:22.000Z","0055f000004XdsRAAS","2021-11-10T13:29:22.000Z","0055f000004XdsRAAS","","","","","","","false","true","42099472146166096","","","",""
"a2G5f000000xarPEAQ","0055f000004XdsRAAS","","Counterparty Report Topbar","2021-11-10T13:29:22.000Z","0055f000004XdsRAAS","2021-11-10T13:29:22.000Z","0055f000004XdsRAAS","","","","","","","false","true","42851832252859441","","","",""
"a2G5f000000xarQEAQ","0055f000004XdsRAAS","","Treasury Service Maintenance","2021-11-10T13:29:22.000Z","0055f000004XdsRAAS","2021-11-10T13:29:22.000Z","0055f000004XdsRAAS","","","","","","","false","true","42992811933823016","","","",""
"a2G5f000000xarREAQ","0055f000004XdsRAAS","","Available Screen Sections","2021-11-10T13:29:22.000Z","0055f000004XdsRAAS","2021-11-10T13:29:22.000Z","0055f000004XdsRAAS","","","","","","","false","true","42518046726897075","","","",""
"a2G5f000000xarSEAQ","0055f000004XdsRAAS","","Available Screen Sections","2021-11-10T13:29:22.000Z","0055f000004XdsRAAS","2021-11-10T13:29:22.000Z","0055f000004XdsRAAS","","","","","","","false","true","42026428621205577","","","",""
"a2G5f000000xarTEAQ","0055f000004XdsRAAS","","Available Screen Sections","2021-11-10T13:29:22.000Z","0055f000004XdsRAAS","2021-11-10T13:29:22.000Z","0055f000004XdsRAAS","","","","","","","false","true","42668947043259055","","","",""
"a2G5f000000xarUEAQ","0055f000005hWQPAA2","","nCino UI Configuration Builder","2021-11-10T13:29:22.000Z","0055f000005hWQPAA2","2021-11-10T13:29:22.000Z","0055f000005hWQPAA2","","","","","","","false","true","42311862257375707","","","",""
"a2G5f000000xarVEAQ","0055f000004XdsRAAS","","Collateral Summary","2021-11-10T13:29:22.000Z","0055f000004XdsRAAS","2021-11-10T13:29:22.000Z","0055f000004XdsRAAS","","","","","","","false","true","a2G5f000000xarVEAQ","","","",""
"a2G5f000000xarWEAQ","0055f000004XdsRAAS","","Collateral Details","2021-11-10T13:29:22.000Z","0055f000004XdsRAAS","2021-11-10T13:29:22.000Z","0055f000004XdsRAAS","","","","","","","false","true","a2G5f000000xarWEAQ","","","",""
"a2G5f000000xarXEAQ","0055f000004XdsRAAS","","Certifications","2021-11-10T13:29:22.000Z","0055f000004XdsRAAS","2021-11-10T13:29:22.000Z","0055f000004XdsRAAS","","","","","","","false","true","a2G5f000000xarXEAQ","","","",""
"a2G5f000000xarYEAQ","0055f000004XdsRAAS","","Participation","2021-11-10T13:29:22.000Z","0055f000004XdsRAAS","2021-11-10T13:29:22.000Z","0055f000004XdsRAAS","","","","","","","false","true","42255938324133066","","","",""
"a2G5f000000xarZEAQ","0055f000004XdsRAAS","","Syndications Summary","2021-11-10T13:29:22.000Z","0055f000004XdsRAAS","2021-11-10T13:29:22.000Z","0055f000004XdsRAAS","","","","","","","false","true","42254700713997327","","","",""
"a2G5f000000xaraEAA","0055f000004XdsRAAS","","Counterparty Report","2021-11-10T13:29:22.000Z","0055f000004XdsRAAS","2021-11-10T13:29:22.000Z","0055f000004XdsRAAS","","","","","","","false","true","42582982089307696","","","",""
"a2G5f000000xarbEAA","0055f000004XdsRAAS","","Total Exposure","2021-11-10T13:29:22.000Z","0055f000004XdsRAAS","2021-11-10T13:29:22.000Z","0055f000004XdsRAAS","","","","","","","false","true","42159428573333161","","","",""
"a2G5f000000xarcEAA","0055f000004XdsRAAS","","Loan Details","2021-11-10T13:29:22.000Z","0055f000004XdsRAAS","2021-11-10T13:29:22.000Z","0055f000004XdsRAAS","","","","","","","false","true","42477760115293706","","","",""
"a2G5f000000xardEAA","0055f000004XdsRAAS","","Pricing","2021-11-10T13:29:22.000Z","0055f000004XdsRAAS","2021-11-10T13:29:22.000Z","0055f000004XdsRAAS","","","","","","","false","true","42603748046132357","","","",""
"a2G5f000000xareEAA","0055f000004XdsRAAS","","Rate Structure","2021-11-10T13:29:22.000Z","0055f000004XdsRAAS","2021-11-10T13:29:22.000Z","0055f000004XdsRAAS","","","","","","","false","true","42306104470834702","","","",""
"a2G5f000000xarfEAA","0055f000004XdsRAAS","","Payment Structure","2021-11-10T13:29:22.000Z","0055f000004XdsRAAS","2021-11-10T13:29:22.000Z","0055f000004XdsRAAS","","","","","","","false","true","42845770103705580","","","",""
"a2G5f000000xargEAA","0055f000004XdsRAAS","","Referral","2021-11-10T13:29:22.000Z","0055f000004XdsRAAS","2021-11-10T13:29:22.000Z","0055f000004XdsRAAS","","","","","","","false","true","42410404119994869","","","",""
"a2G5f000000xarhEAA","0055f000004XdsRAAS","","Balance Details","2021-11-10T13:29:22.000Z","0055f000004XdsRAAS","2021-11-10T13:29:22.000Z","0055f000004XdsRAAS","","","","","","","false","true","42506447999100246","","","",""
"a2G5f000000xariEAA","0055f000004XdsRAAS","","Booked Details","2021-11-10T13:29:22.000Z","0055f000004XdsRAAS","2021-11-10T13:29:22.000Z","0055f000004XdsRAAS","","","","","","","false","true","42226870141912786","","","",""
"a2G5f000000xarjEAA","0055f000004XdsRAAS","","Borrowing Structure Information","2021-11-10T13:29:22.000Z","0055f000004XdsRAAS","2021-11-10T13:29:22.000Z","0055f000004XdsRAAS","","","","","","","false","true","42342881603800273","","","",""
"a2G5f000000xarkEAA","0055f000004XdsRAAS","","CRA Screen","2021-11-10T13:29:22.000Z","0055f000004XdsRAAS","2021-11-10T13:29:22.000Z","0055f000004XdsRAAS","","","","","","","false","true","42768158053098535","","","",""
"a2G5f000000xarlEAA","0055f000004XdsRAAS","","HMDA Screen 1","2021-11-10T13:29:22.000Z","0055f000004XdsRAAS","2021-11-10T13:29:22.000Z","0055f000004XdsRAAS","","","","","","","false","true","42870475258935934","","","",""
"a2G5f000000xarmEAA","0055f000004XdsRAAS","","Entity Compliance Screen","2021-11-10T13:29:22.000Z","0055f000004XdsRAAS","2021-11-10T13:29:22.000Z","0055f000004XdsRAAS","","","","","","","false","true","42346461972245017","","","",""
"a2G5f000000xarnEAA","0055f000004XdsRAAS","","Loan Compliance Screen","2021-11-10T13:29:22.000Z","0055f000004XdsRAAS","2021-11-10T13:29:22.000Z","0055f000004XdsRAAS","","","","","","","false","true","42366262690465820","","","",""
"a2G5f000000xaroEAA","0055f000004XdsRAAS","","Entity Compliance Screen","2021-11-10T13:29:22.000Z","0055f000004XdsRAAS","2021-11-10T13:29:22.000Z","0055f000004XdsRAAS","","","","","","","false","true","42359232390869881","","","",""
"a2G5f000000xarpEAA","0055f000004XdsRAAS","","Loan Compliance Screen","2021-11-10T13:29:22.000Z","0055f000004XdsRAAS","2021-11-10T13:29:22.000Z","0055f000004XdsRAAS","","","","","","","false","true","42832806785932622","","","",""
"a2G5f000000xarqEAA","0055f000004XdsRAAS","","Change Memo","2021-11-10T13:29:22.000Z","0055f000004XdsRAAS","2021-11-10T13:29:22.000Z","0055f000004XdsRAAS","","","","","","","false","true","42432836327202375","","","",""
"a2G5f000000xarsEAA","0055f000004XdsRAAS","","Enhanced Fees Management","2021-11-10T13:29:22.000Z","0055f000004XdsRAAS","2021-11-10T13:29:22.000Z","0055f000004XdsRAAS","","","","","","","false","true","42519280233404703","","","",""
"a2G5f000000xartEAA","0055f000004XdsRAAS","","Team Members","2021-11-10T13:29:22.000Z","0055f000004XdsRAAS","2021-11-10T13:29:22.000Z","0055f000004XdsRAAS","","","","","","","false","true","42296036791553577","","","",""
"a2G5f000000xaruEAA","0055f000004XdsRAAS","","Manage Bill Points","2021-11-10T13:29:22.000Z","0055f000004XdsRAAS","2021-11-10T13:29:22.000Z","0055f000004XdsRAAS","","","","","","","false","true","42238686668345765","","","",""
"a2G5f000000xarvEAA","0055f000004XdsRAAS","","Loan Compliance Screen","2021-11-10T13:29:22.000Z","0055f000004XdsRAAS","2021-11-10T13:29:22.000Z","0055f000004XdsRAAS","","","","","","","false","true","42154138192718696","","","",""
"a2G5f000000xarwEAA","0055f000004XdsRAAS","","Product Package Collateral2","2021-11-10T13:29:22.000Z","0055f000004XdsRAAS","2021-11-10T13:29:22.000Z","0055f000004XdsRAAS","","","","","","","false","true","42456617561636458","","","",""
"a2G5f000000xarxEAA","0055f000004XdsRAAS","","pp-tn-review-detail","2021-11-10T13:29:22.000Z","0055f000004XdsRAAS","2021-11-10T13:29:22.000Z","0055f000004XdsRAAS","","","","","","","false","true","42265516270396018","","","",""
"a2G5f000000xaryEAA","0055f000004XdsRAAS","","Proforma Options","2021-11-10T13:29:22.000Z","0055f000004XdsRAAS","2021-11-10T13:29:22.000Z","0055f000004XdsRAAS","","","","","","","false","true","42127455761752627","","","",""
"a2G5f000000xarzEAA","0055f000005hWRcAAM","","Application Details","2021-11-10T13:29:22.000Z","0055f000005hWRcAAM","2021-11-10T13:29:22.000Z","0055f000005hWRcAAM","","","","","","","false","true","42659629105416955","","","",""
"a2G5f000000xas0EAA","0055f000005hWRcAAM","","Underwriting Details","2021-11-10T13:29:22.000Z","0055f000005hWRcAAM","2021-11-10T13:29:22.000Z","0055f000005hWRcAAM","","","","","","","false","true","42520577919445796","","","",""
"a2G5f000000xas1EAA","0055f000004XdsRAAS","","Collateral2","2021-11-10T13:29:22.000Z","0055f000004XdsRAAS","2021-11-10T13:29:22.000Z","0055f000004XdsRAAS","","","","","","","false","true","42716660961482717","","","",""
"a2G5f000000xas2EAA","0055f000005hWRcAAM","","Underwriting Details","2021-11-10T13:29:22.000Z","0055f000005hWRcAAM","2021-11-10T13:29:22.000Z","0055f000005hWRcAAM","","","","","","","false","true","42983688617809083","","","",""
"a2G5f000000xas3EAA","0055f000005hWRcAAM","","Application Details","2021-11-10T13:29:22.000Z","0055f000005hWRcAAM","2021-11-10T13:29:22.000Z","0055f000005hWRcAAM","","","","","","","false","true","42393241259581911","","","",""
"a2G5f000000xas4EAA","0055f000005hWRcAAM","","Underwriting Details","2021-11-10T13:29:22.000Z","0055f000005hWRcAAM","2021-11-10T13:29:22.000Z","0055f000005hWRcAAM","","","","","","","false","true","42866893089137191","","","",""
"a2G5f000000xas5EAA","0055f000005hWRcAAM","","Application Details","2021-11-10T13:29:22.000Z","0055f000005hWRcAAM","2021-11-10T13:29:22.000Z","0055f000005hWRcAAM","","","","","","","false","true","42607933161237870","","","",""
"a2G5f000000xas6EAA","0055f000005hWRcAAM","","Underwriting Details","2021-11-10T13:29:22.000Z","0055f000005hWRcAAM","2021-11-10T13:29:22.000Z","0055f000005hWRcAAM","","","","","","","false","true","42755114587290036","","","",""
"a2G5f000000xas7EAA","0055f000005hWRcAAM","","Application Details","2021-11-10T13:29:22.000Z","0055f000005hWRcAAM","2021-11-10T13:29:22.000Z","0055f000005hWRcAAM","","","","","","","false","true","42286887929986442","","","",""
"a2G5f000000xas8EAA","0055f000005hWRcAAM","","Underwriting Details","2021-11-10T13:29:22.000Z","0055f000005hWRcAAM","2021-11-10T13:29:22.000Z","0055f000005hWRcAAM","","","","","","","false","true","42204392997691879","","","",""
"a2G5f000000xas9EAA","0055f000005hWRcAAM","","Third Party Management","2021-11-10T13:29:22.000Z","0055f000005hWRcAAM","2021-11-10T13:29:22.000Z","0055f000005hWRcAAM","","","","","","","false","true","42411851997942573","","","",""
"a2G5f000000xasAEAQ","0055f000004XdsRAAS","","Loan Details-Retail","2021-11-10T13:29:22.000Z","0055f000004XdsRAAS","2021-11-10T13:29:22.000Z","0055f000004XdsRAAS","","","","","","","false","true","623454651543256","","","",""
"a2G5f000000xasBEAQ","0055f000005hWRcAAM","","Underwriting Details","2021-11-10T13:29:22.000Z","0055f000005hWRcAAM","2021-11-10T13:29:22.000Z","0055f000005hWRcAAM","","","","","","","false","true","42281206255813701","","","",""
"a2G5f000000xasCEAQ","0055f000005hWRcAAM","","Application Details","2021-11-10T13:29:22.000Z","0055f000005hWRcAAM","2021-11-10T13:29:22.000Z","0055f000005hWRcAAM","","","","","","","false","true","42416387574958178","","","",""
"a2G5f000000xasDEAQ","0055f000005hWRcAAM","","Application Details","2021-11-10T13:29:22.000Z","0055f000005hWRcAAM","2021-11-10T13:29:22.000Z","0055f000005hWRcAAM","","","","","","","false","true","42614756889733027","","","",""
"a2G5f000000xasEEAQ","0055f000005hWRcAAM","","Underwriting Details","2021-11-10T13:29:22.000Z","0055f000005hWRcAAM","2021-11-10T13:29:22.000Z","0055f000005hWRcAAM","","","","","","","false","true","42306617109093353","","","",""
"a2G5f000000xasFEAQ","0055f000004XdsRAAS","","Fees Summary","2021-11-10T13:29:22.000Z","0055f000004XdsRAAS","2021-11-10T13:29:22.000Z","0055f000004XdsRAAS","","","","","","","false","true","46241560278867078","","","",""
"a2G5f000000xasGEAQ","0055f000004XdsRAAS","","Loan Details-Retail","2021-11-10T13:29:22.000Z","0055f000004XdsRAAS","2021-11-10T13:29:22.000Z","0055f000004XdsRAAS","","","","","","","false","true","71341560278867078","","","",""
"a2G5f000000xasHEAQ","0055f000004XdsRAAS","","Collateral2","2021-11-10T13:29:22.000Z","0055f000004XdsRAAS","2021-11-10T13:29:22.000Z","0055f000004XdsRAAS","","","","","","","false","true","32281560278867079","","","",""
"a2G5f000000xasIEAQ","0055f000005hWRcAAM","","Underwriting Details","2021-11-10T13:29:22.000Z","0055f000004XdsRAAS","2021-11-10T13:29:22.000Z","0055f000004XdsRAAS","","","","","","","false","true","03471560278867077","","","",""
"a2G5f000000xasJEAQ","0055f000004XdsRAAS","","Fees","2021-11-10T13:29:22.000Z","0055f000004XdsRAAS","2021-11-10T13:29:22.000Z","0055f000004XdsRAAS","","","","","","","false","true","86811560278867079","","","",""
"a2G5f000000xasKEAQ","0055f000004XdsRAAS","","Application Details-Retail","2021-11-10T13:29:22.000Z","0055f000004XdsRAAS","2021-11-10T13:29:22.000Z","0055f000004XdsRAAS","","","","","","","false","true","6325647853262563245","","","",""
"a2G5f000000xasLEAQ","0055f000004XdsRAAS","","Secured SBL Business Info","2021-11-10T13:29:22.000Z","0055f000004XdsRAAS","2021-11-10T13:29:22.000Z","0055f000004XdsRAAS","","","","","","","false","true","42509691136301749","","","",""
"a2G5f000000xasMEAQ","0055f000004XdsRAAS","","Secured SBL Personal (Individual Other Involved)","2021-11-10T13:29:22.000Z","0055f000004XdsRAAS","2021-11-10T13:29:22.000Z","0055f000004XdsRAAS","","","","","","","false","true","42113928704115288","","","",""
"a2G5f000000xasNEAQ","0055f000004XdsRAAS","","SBL Eligibility","2021-11-10T13:29:22.000Z","0055f000004XdsRAAS","2021-11-10T13:29:22.000Z","0055f000004XdsRAAS","","","","","","","false","true","42636216486699414","","","",""
"a2G5f000000xasOEAQ","0055f000004XdsRAAS","","SBL Business Info","2021-11-10T13:29:22.000Z","0055f000004XdsRAAS","2021-11-10T13:29:22.000Z","0055f000004XdsRAAS","","","","","","","false","true","42981961269080453","","","",""
"a2G5f000000xasPEAQ","0055f000004XdsRAAS","","SBL Personal (Individual Other Involved)","2021-11-10T13:29:22.000Z","0055f000004XdsRAAS","2021-11-10T13:29:22.000Z","0055f000004XdsRAAS","","","","","","","false","true","42395526772715632","","","",""
"a2G5f000000xasQEAQ","0055f000004XdsRAAS","","Pricing Required Fields","2021-11-10T13:29:22.000Z","0055f000004XdsRAAS","2021-11-10T13:29:22.000Z","0055f000004XdsRAAS","","","","","","","false","true","pricingrequiredfields","","","",""
"a2G5f000000xasREAQ","0055f000004XdsRAAS","","Product Package Collateral2","2021-11-10T13:29:22.000Z","0055f000004XdsRAAS","2021-11-10T13:29:22.000Z","0055f000004XdsRAAS","","","","","","","false","true","75041563816286566","","","",""
"a2G5f000000xasSEAQ","0055f000004XdsRAAS","","Product Summary","2021-11-10T13:29:22.000Z","0055f000004XdsRAAS","2021-11-10T13:29:22.000Z","0055f000004XdsRAAS","","","","","","","false","true","05641567002571747","","","",""
"a2G5f000000xasTEAQ","0055f000004XdsRAAS","","Treasury Service Details","2021-11-10T13:29:22.000Z","0055f000004XdsRAAS","2021-11-10T13:29:22.000Z","0055f000004XdsRAAS","","","","","","","false","true","62851567002571747","","","",""
"a2G5f000000xasUEAQ","0055f000004XdsRAAS","","Key Dates - Editable","2021-11-10T13:29:22.000Z","0055f000004XdsRAAS","2021-11-10T13:29:22.000Z","0055f000004XdsRAAS","","","","","","","false","true","59771585604340856","","","",""
"a2G5f000000xasVEAQ","0055f000004XdsRAAS","","Key Dates - Read Only","2021-11-10T13:29:22.000Z","0055f000004XdsRAAS","2021-11-10T13:29:22.000Z","0055f000004XdsRAAS","","","","","","","false","true","50971585604340856","","","",""
"a2G5f000000xasWEAQ","0055f000004XdsRAAS","","Loan Products","2021-11-10T13:29:22.000Z","0055f000004XdsRAAS","2021-11-10T13:29:22.000Z","0055f000004XdsRAAS","","","","","","","false","true","42264506634750293","","","",""
"a2G5f000000xasXEAQ","0055f000004XdsRAAS","","Rate Structure","2021-11-10T13:29:22.000Z","0055f000004XdsRAAS","2021-11-10T13:29:22.000Z","0055f000004XdsRAAS","","","","","","","false","true","42558854118324394","","","",""
"a2G5f000000xasYEAQ","0055f000004XdsRAAS","","Payment Structure","2021-11-10T13:29:22.000Z","0055f000004XdsRAAS","2021-11-10T13:29:22.000Z","0055f000004XdsRAAS","","","","","","","false","true","42448651673900408","","","",""
"a2G5f000000xasZEAQ","0055f000004XdsRAAS","","Risk Rating","2021-11-10T13:29:22.000Z","0055f000004XdsRAAS","2021-11-10T13:29:22.000Z","0055f000004XdsRAAS","","","","","","","false","true","42672158236792769","","","",""
"a2G5f000000xasaEAA","0055f000004XdsRAAS","","Change Memo","2021-11-10T13:29:22.000Z","0055f000004XdsRAAS","2021-11-10T13:29:22.000Z","0055f000004XdsRAAS","","","","","","","false","true","42768254162527564","","","",""
"a2G5f000000xasbEAA","0055f000004XdsRAAS","","Fees Summary","2021-11-10T13:29:22.000Z","0055f000004XdsRAAS","2021-11-10T13:29:22.000Z","0055f000004XdsRAAS","","","","","","","false","true","42839732363377241","","","",""
"a2G5f000000xascEAA","0055f000004XdsRAAS","","Team Members","2021-11-10T13:29:22.000Z","0055f000004XdsRAAS","2021-11-10T13:29:22.000Z","0055f000004XdsRAAS","","","","","","","false","true","42099974757861510","","","",""
"a2G5f000000xasfEAA","0055f000004XdsRAAS","","Collateral Pledged","2021-11-10T13:29:22.000Z","0055f000004XdsRAAS","2021-11-10T13:29:22.000Z","0055f000004XdsRAAS","","","","","","","false","true","52621585604340855","","","",""
"a2G5f000000xasgEAA","0055f000004XdsRAAS","","Collateral Value","2021-11-10T13:29:22.000Z","0055f000004XdsRAAS","2021-11-10T13:29:22.000Z","0055f000004XdsRAAS","","","","","","","false","true","40481585604340855","","","",""
"a2G5f000000xasjEAA","0055f000004XdsRAAS","","Fees Approved","2021-11-10T13:29:22.000Z","0055f000004XdsRAAS","2021-11-10T13:29:22.000Z","0055f000004XdsRAAS","","","","","","","false","true","82191585604340855","","","",""
"a2G5f000000xaskEAA","0055f000004XdsRAAS","","Key Dates","2021-11-10T13:29:22.000Z","0055f000004XdsRAAS","2021-11-10T13:29:22.000Z","0055f000004XdsRAAS","","","","","","","false","true","23001585604340855","","","",""
"a2G5f000000xaslEAA","0055f000004XdsRAAS","","Post Closing Review","2021-11-10T13:29:22.000Z","0055f000004XdsRAAS","2021-11-10T13:29:22.000Z","0055f000004XdsRAAS","","","","","","","false","true","61601585604340855","","","",""
"a2G5f000000xaspEAA","0055f000004XdsRAAS","","Third Party Reports","2021-11-10T13:29:22.000Z","0055f000004XdsRAAS","2021-11-10T13:29:22.000Z","0055f000004XdsRAAS","","","","","","","false","true","47581585604340855","","","",""
"a2G5f000000xassEAA","0055f000004XdsRAAS","","Approved Details","2021-11-10T13:29:22.000Z","0055f000004XdsRAAS","2021-11-10T13:29:22.000Z","0055f000004XdsRAAS","","","","","","","false","true","34361585604340855","","","",""
"a2G5f000000xaswEAA","0055f000004XdsRAAS","","Fees","2021-11-10T13:29:22.000Z","0055f000004XdsRAAS","2021-11-10T13:29:22.000Z","0055f000004XdsRAAS","","","","","","","false","true","a2G5f000000xaswEAA","","","",""
"a2G5f000000xasxEAA","0055f000004XdsRAAS","","Participations","2021-11-10T13:29:22.000Z","0055f000004XdsRAAS","2021-11-10T13:29:22.000Z","0055f000004XdsRAAS","","","","","","","false","true","a2G5f000000xasxEAA","","","",""
"a2G5f000000xasyEAA","0055f000004XdsRAAS","","Loan Products","2021-11-10T13:29:22.000Z","0055f000004XdsRAAS","2021-11-10T13:29:22.000Z","0055f000004XdsRAAS","","","","","","","false","true","42567764686172869","","","",""
"a2G5f000000xaszEAA","0055f000004XdsRAAS","","Deposit Products","2021-11-10T13:29:22.000Z","0055f000004XdsRAAS","2021-11-10T13:29:22.000Z","0055f000004XdsRAAS","","","","","","","false","true","42464191242067167","","","",""
"a2G5f000000xat0EAA","0055f000004XdsRAAS","","Pricing Approved","2021-11-10T13:29:22.000Z","0055f000004XdsRAAS","2021-11-10T13:29:22.000Z","0055f000004XdsRAAS","","","","","","","false","true","42057912696598906","","","",""
"a2G5f000000xat1EAA","0055f000004XdsRAAS","","CRA Screen","2021-11-10T13:29:22.000Z","0055f000004XdsRAAS","2021-11-10T13:29:22.000Z","0055f000004XdsRAAS","","","","","","","false","true","42508794583138413","","","",""
"a2G5f000000xat3EAA","0055f000004XdsRAAS","","Construction Details","2021-11-10T13:29:22.000Z","0055f000004XdsRAAS","2021-11-10T13:29:22.000Z","0055f000004XdsRAAS","","","","","","","false","true","a2G5f000000xat3EAA","","","",""
"a2G5f000000xat4EAA","0055f000004XdsRAAS","","Loan Dashboard","2021-11-10T13:29:22.000Z","0055f000004XdsRAAS","2021-11-10T13:29:22.000Z","0055f000004XdsRAAS","","","","","","","false","true","a2G5f000000xat4EAA","","","",""
"a2G5f000000xat5EAA","0055f000004XdsRAAS","","Fees","2021-11-10T13:29:22.000Z","0055f000004XdsRAAS","2021-11-10T13:29:22.000Z","0055f000004XdsRAAS","","","","","","","false","true","91971560278745076","","","",""
"a2G5f000000xat6EAA","0055f000004XdsRAAS","","Narrative","2021-11-10T13:29:22.000Z","0055f000004XdsRAAS","2021-11-10T13:29:22.000Z","0055f000004XdsRAAS","","","","","","","false","true","89361585604340856","","","",""
"a2G5f000000xat7EAA","0055f000004XdsRAAS","","Loan Team Member Information","2021-11-10T13:29:22.000Z","0055f000004XdsRAAS","2021-11-10T13:29:22.000Z","0055f000004XdsRAAS","","","","","","","false","true","28761585604340855","","","",""
"a2G5f000000xat8EAA","0055f000004XdsRAAS","","Memos","2021-11-10T13:29:22.000Z","0055f000004XdsRAAS","2021-11-10T13:29:22.000Z","0055f000004XdsRAAS","","","","","","","false","true","16221585604340856","","","",""
"a2G5f000000xatDEAQ","0055f000004XdsRAAS","","Participations","2021-11-10T13:29:22.000Z","0055f000004XdsRAAS","2021-11-10T13:29:22.000Z","0055f000004XdsRAAS","","","","","","","false","true","70051585604340856","","","",""
"a2G5f000000xatEEAQ","0055f000004XdsRAAS","","Activities","2021-11-10T13:29:22.000Z","0055f000004XdsRAAS","2021-11-10T13:29:22.000Z","0055f000004XdsRAAS","","","","","","","false","true","a2G5f000000xatEEAQ","","","",""
"a2G5f000000xatFEAQ","0055f000004XdsRAAS","","Business Contacts","2021-11-10T13:29:22.000Z","0055f000004XdsRAAS","2021-11-10T13:29:22.000Z","0055f000004XdsRAAS","","","","","","","false","true","a2G5f000000xatFEAQ","","","",""
"a2G5f000000xatGEAQ","0055f000004XdsRAAS","","Collateral Owned","2021-11-10T13:29:22.000Z","0055f000004XdsRAAS","2021-11-10T13:29:22.000Z","0055f000004XdsRAAS","","","","","","","false","true","a2G5f000000xatGEAQ","","","",""
"a2G5f000000xatHEAQ","0055f000004XdsRAAS","","Covenants","2021-11-10T13:29:22.000Z","0055f000004XdsRAAS","2021-11-10T13:29:22.000Z","0055f000004XdsRAAS","","","","","","","false","true","a2G5f000000xatHEAQ","","","",""
"a2G5f000000xatIEAQ","0055f000004XdsRAAS","","Deposits","2021-11-10T13:29:22.000Z","0055f000004XdsRAAS","2021-11-10T13:29:22.000Z","0055f000004XdsRAAS","","","","","","","false","true","a2G5f000000xatIEAQ","","","",""
"a2G5f000000xatJEAQ","0055f000004XdsRAAS","","Overview","2021-11-10T13:29:22.000Z","0055f000004XdsRAAS","2021-11-10T13:29:22.000Z","0055f000004XdsRAAS","","","","","","","false","true","a2G5f000000xatJEAQ","","","",""
"a2G5f000000xatKEAQ","0055f000004XdsRAAS","","Exposure","2021-11-10T13:29:22.000Z","0055f000004XdsRAAS","2021-11-10T13:29:22.000Z","0055f000004XdsRAAS","","","","","","","false","true","a2G5f000000xatKEAQ","","","",""
"a2G5f000000xatLEAQ","0055f000004XdsRAAS","","Loans","2021-11-10T13:29:22.000Z","0055f000004XdsRAAS","2021-11-10T13:29:22.000Z","0055f000004XdsRAAS","","","","","","","false","true","a2G5f000000xatLEAQ","","","",""
"a2G5f000000xatMEAQ","0055f000004XdsRAAS","","Opportunities","2021-11-10T13:29:22.000Z","0055f000004XdsRAAS","2021-11-10T13:29:22.000Z","0055f000004XdsRAAS","","","","","","","false","true","a2G5f000000xatMEAQ","","","",""
"a2G5f000000xatNEAQ","0055f000004XdsRAAS","","Other Information","2021-11-10T13:29:22.000Z","0055f000004XdsRAAS","2021-11-10T13:29:22.000Z","0055f000004XdsRAAS","","","","","","","false","true","a2G5f000000xatNEAQ","","","",""
"a2G5f000000xatOEAQ","0055f000004XdsRAAS","","Product Packages","2021-11-10T13:29:22.000Z","0055f000004XdsRAAS","2021-11-10T13:29:22.000Z","0055f000004XdsRAAS","","","","","","","false","true","a2G5f000000xatOEAQ","","","",""
"a2G5f000000xatPEAQ","0055f000004XdsRAAS","","Referrals","2021-11-10T13:29:22.000Z","0055f000004XdsRAAS","2021-11-10T13:29:22.000Z","0055f000004XdsRAAS","","","","","","","false","true","a2G5f000000xatPEAQ","","","",""
"a2G5f000000xatQEAQ","0055f000004XdsRAAS","","Risk Rating Reviews","2021-11-10T13:29:22.000Z","0055f000004XdsRAAS","2021-11-10T13:29:22.000Z","0055f000004XdsRAAS","","","","","","","false","true","a2G5f000000xatQEAQ","","","",""
"a2G5f000000xatREAQ","0055f000004XdsRAAS","","Service Requests","2021-11-10T13:29:22.000Z","0055f000004XdsRAAS","2021-11-10T13:29:22.000Z","0055f000004XdsRAAS","","","","","","","false","true","a2G5f000000xatREAQ","","","",""
"a2G5f000000xatSEAQ","0055f000004XdsRAAS","","Site Visits","2021-11-10T13:29:22.000Z","0055f000004XdsRAAS","2021-11-10T13:29:22.000Z","0055f000004XdsRAAS","","","","","","","false","true","a2G5f000000xatSEAQ","","","",""
"a2G5f000000xatTEAQ","0055f000004XdsRAAS","","Treasury","2021-11-10T13:29:22.000Z","0055f000004XdsRAAS","2021-11-10T13:29:22.000Z","0055f000004XdsRAAS","","","","","","","false","true","a2G5f000000xatTEAQ","","","",""
"a2G5f000000xatUEAQ","0055f000004XdsRAAS","","Risk Ratings","2021-11-10T13:29:22.000Z","0055f000004XdsRAAS","2021-11-10T13:29:22.000Z","0055f000004XdsRAAS","","","","","","","false","true","08891585604340856","","","",""
"a2G5f000000xatVEAQ","0055f000004XdsRAAS","","SBA Form 912","2021-11-10T13:29:22.000Z","0055f000004XdsRAAS","2021-11-10T13:29:22.000Z","0055f000004XdsRAAS","","","","","","","false","true","a2G5f000000xatVEAQ","","","",""
"a2G5f000000xatWEAQ","0055f000004XdsRAAS","","Loan Application","2021-11-10T13:29:22.000Z","0055f000004XdsRAAS","2021-11-10T13:29:22.000Z","0055f000004XdsRAAS","","","","","","","false","true","a2G5f000000xatWEAQ","","","",""
"a2G5f000000xatXEAQ","0055f000004XdsRAAS","","SBA Form 10","2021-11-10T13:29:22.000Z","0055f000004XdsRAAS","2021-11-10T13:29:22.000Z","0055f000004XdsRAAS","","","","","","","false","true","a2G5f000000xatXEAQ","","","",""
"a2G5f000000xatYEAQ","0055f000004XdsRAAS","","SBA Form 159","2021-11-10T13:29:22.000Z","0055f000004XdsRAAS","2021-11-10T13:29:22.000Z","0055f000004XdsRAAS","","","","","","","false","true","a2G5f000000xatYEAQ","","","",""
"a2G5f000000xatZEAQ","0055f000004XdsRAAS","","SBA Form 1846","2021-11-10T13:29:22.000Z","0055f000004XdsRAAS","2021-11-10T13:29:22.000Z","0055f000004XdsRAAS","","","","","","","false","true","a2G5f000000xatZEAQ","","","",""
"a2G5f000000xataEAA","0055f000004XdsRAAS","","SBA Form 1919","2021-11-10T13:29:22.000Z","0055f000004XdsRAAS","2021-11-10T13:29:22.000Z","0055f000004XdsRAAS","","","","","","","false","true","a2G5f000000xataEAA","","","",""
"a2G5f000000xatbEAA","0055f000004XdsRAAS","","Business Type","2021-11-10T13:29:22.000Z","0055f000004XdsRAAS","2021-11-10T13:29:22.000Z","0055f000004XdsRAAS","","","","","","","false","true","a2G5f000000xatbEAA","","","",""
"a2G5f000000xatcEAA","0055f000004XdsRAAS","","Previous SBA Loan","2021-11-10T13:29:22.000Z","0055f000004XdsRAAS","2021-11-10T13:29:22.000Z","0055f000004XdsRAAS","","","","","","","false","true","a2G5f000000xatcEAA","","","",""
"a2G5f000000xatdEAA","0055f000004XdsRAAS","","Conflict of Interest","2021-11-10T13:29:22.000Z","0055f000004XdsRAAS","2021-11-10T13:29:22.000Z","0055f000004XdsRAAS","","","","","","","false","true","a2G5f000000xatdEAA","","","",""
"a2G5f000000xateEAA","0055f000004XdsRAAS","","Primary Account","2021-11-10T13:29:22.000Z","0055f000004XdsRAAS","2021-11-10T13:29:22.000Z","0055f000004XdsRAAS","","","","","","","false","true","a2G5f000000xateEAA","","","",""
"a2G5f000000xatfEAA","0055f000004XdsRAAS","","SBA Form 1920","2021-11-10T13:29:22.000Z","0055f000004XdsRAAS","2021-11-10T13:29:22.000Z","0055f000004XdsRAAS","","","","","","","false","true","a2G5f000000xatfEAA","","","",""
"a2G5f000000xatgEAA","0055f000004XdsRAAS","","SBA Form 1920","2021-11-10T13:29:22.000Z","0055f000004XdsRAAS","2021-11-10T13:29:22.000Z","0055f000004XdsRAAS","","","","","","","false","true","a2G5f000000xatgEAA","","","",""
"a2G5f000000xathEAA","0055f000004XdsRAAS","","SBA Form 1920","2021-11-10T13:29:22.000Z","0055f000004XdsRAAS","2021-11-10T13:29:22.000Z","0055f000004XdsRAAS","","","","","","","false","true","a2G5f000000xathEAA","","","",""
"a2G5f000000xatiEAA","0055f000004XdsRAAS","","SBA Form 1920","2021-11-10T13:29:22.000Z","0055f000004XdsRAAS","2021-11-10T13:29:22.000Z","0055f000004XdsRAAS","","","","","","","false","true","a2G5f000000xatiEAA","","","",""
"a2G5f000000xatjEAA","0055f000004XdsRAAS","","SBA Form 1920","2021-11-10T13:29:22.000Z","0055f000004XdsRAAS","2021-11-10T13:29:22.000Z","0055f000004XdsRAAS","","","","","","","false","true","a2G5f000000xatjEAA","","","",""
"a2G5f000000xatkEAA","0055f000004XdsRAAS","","SBA Form 1920","2021-11-10T13:29:22.000Z","0055f000004XdsRAAS","2021-11-10T13:29:22.000Z","0055f000004XdsRAAS","","","","","","","false","true","a2G5f000000xatkEAA","","","",""
"a2G5f000000xatlEAA","0055f000004XdsRAAS","","SBA Form 1920","2021-11-10T13:29:22.000Z","0055f000004XdsRAAS","2021-11-10T13:29:22.000Z","0055f000004XdsRAAS","","","","","","","false","true","a2G5f000000xatlEAA","","","",""
"a2G5f000000xatmEAA","0055f000004XdsRAAS","","Primary Account","2021-11-10T13:29:22.000Z","0055f000004XdsRAAS","2021-11-10T13:29:22.000Z","0055f000004XdsRAAS","","","","","","","false","true","a2G5f000000xatmEAA","","","",""
"a2G5f000000xatnEAA","0055f000004XdsRAAS","","SBA Form 652","2021-11-10T13:29:22.000Z","0055f000004XdsRAAS","2021-11-10T13:29:22.000Z","0055f000004XdsRAAS","","","","","","","false","true","a2G5f000000xatnEAA","","","",""
"a2G5f000000xatoEAA","0055f000004XdsRAAS","","SBA Form G845","2021-11-10T13:29:22.000Z","0055f000004XdsRAAS","2021-11-10T13:29:22.000Z","0055f000004XdsRAAS","","","","","","","false","true","a2G5f000000xatoEAA","","","",""
"a2G5f000000xatqEAA","0055f000004XdsRAAS","","Loan Information","2021-11-10T13:29:22.000Z","0055f000004XdsRAAS","2021-11-10T13:29:22.000Z","0055f000004XdsRAAS","","","","","","","false","true","a2G5f000000xatqEAA","","","",""
"a2G5f000000xatrEAA","0055f000004XdsRAAS","","Pricing","2021-11-10T13:29:22.000Z","0055f000004XdsRAAS","2021-11-10T13:29:22.000Z","0055f000004XdsRAAS","","","","","","","false","true","a2G5f000000xatrEAA","","","",""
"a2G5f000000xatsEAA","0055f000004XdsRAAS","","Loan Partner","2021-11-10T13:29:22.000Z","0055f000004XdsRAAS","2021-11-10T13:29:22.000Z","0055f000004XdsRAAS","","","","","","","false","true","a2G5f000000xatsEAA","","","",""
"a2G5f000000xattEAA","0055f000004XdsRAAS","","Use of Proceeds","2021-11-10T13:29:22.000Z","0055f000004XdsRAAS","2021-11-10T13:29:22.000Z","0055f000004XdsRAAS","","","","","","","false","true","a2G5f000000xattEAA","","","",""
"a2G5f000000xatuEAA","0055f000004XdsRAAS","","Stage History","2021-11-10T13:29:22.000Z","0055f000004XdsRAAS","2021-11-10T13:29:22.000Z","0055f000004XdsRAAS","","","","","","","false","true","60101585604340856","","","",""
"a2G5f000000xatvEAA","0055f000004XdsRAAS","","Product Summary","2021-11-10T13:29:22.000Z","0055f000004XdsRAAS","2021-11-10T13:29:22.000Z","0055f000004XdsRAAS","","","","","","","false","true","09911567002550278","","","",""
"a2G5f000000xatwEAA","0055f000004XdsRAAS","","CRA Screen","2021-11-10T13:29:22.000Z","0055f000004XdsRAAS","2021-11-10T13:29:22.000Z","0055f000004XdsRAAS","","","","","","","false","true","67231585604340855","","","",""
"a2G5f000000xatxEAA","0055f000004XdsRAAS","","Loan Dashboard Summary Screen","2021-11-10T13:29:22.000Z","0055f000004XdsRAAS","2021-11-10T13:29:22.000Z","0055f000004XdsRAAS","","","","","","","false","true","19961585604340855","","","",""
"a2G5f000000xatyEAA","0055f000004XdsRAAS","","HMDA Screen 1","2021-11-10T13:29:22.000Z","0055f000004XdsRAAS","2021-11-10T13:29:22.000Z","0055f000004XdsRAAS","","","","","","","false","true","a2G5f000000xatyEAA","","","",""
"a2G5f000000xatzEAA","0055f000004XdsRAAS","","HMDA Screen 2","2021-11-10T13:29:22.000Z","0055f000004XdsRAAS","2021-11-10T13:29:22.000Z","0055f000004XdsRAAS","","","","","","","false","true","70131585604340855","","","",""
"a2G5f000000xau0EAA","0055f000004XdsRAAS","","Loan Details","2021-11-10T13:29:22.000Z","0055f000004XdsRAAS","2021-11-10T13:29:22.000Z","0055f000004XdsRAAS","","","","","","","false","true","86451585604340855","","","",""
"a2G5f000000xau1EAA","0055f000004XdsRAAS","","Referral","2021-11-10T13:29:22.000Z","0055f000004XdsRAAS","2021-11-10T13:29:22.000Z","0055f000004XdsRAAS","","","","","","","false","true","91061585604340856","","","",""
"a2G5f000000xau2EAA","0055f000004XdsRAAS","","Deposit Products","2021-11-10T13:29:22.000Z","0055f000004XdsRAAS","2021-11-10T13:29:22.000Z","0055f000004XdsRAAS","","","","","","","false","true","18931562008881233","","","",""
"a2G5f000000xau3EAA","0055f000004XdsRAAS","","Budget Details","2021-11-10T13:29:22.000Z","0055f000004XdsRAAS","2021-11-10T13:29:22.000Z","0055f000004XdsRAAS","","","","","","","false","true","42438936865131651","","","",""
"a2G5f000000xau4EAA","0055f000005hWQPAA2","","System Properties","2021-11-10T13:29:22.000Z","0055f000005hWQPAA2","2021-11-10T13:29:22.000Z","0055f000005hWQPAA2","","","","","","","false","true","42283576814580241","","","",""
"a2G5f000000xau5EAA","0055f000005hWQPAA2","","UI Configuration Builder","2021-11-10T13:29:22.000Z","0055f000005hWQPAA2","2021-11-10T13:29:22.000Z","0055f000005hWQPAA2","","","","","","","false","true","42257423463997756","","","",""
"a2G5f000000xau6EAA","0055f000004XdsRAAS","","Entity Compliance Screen","2021-11-10T13:29:22.000Z","0055f000004XdsRAAS","2021-11-10T13:29:22.000Z","0055f000004XdsRAAS","","","","","","","false","true","42484621918140548","","","",""
"a2G5f000000xau7EAA","0055f000004XdsRAAS","","Loan Compliance Screen","2021-11-10T13:29:22.000Z","0055f000004XdsRAAS","2021-11-10T13:29:22.000Z","0055f000004XdsRAAS","","","","","","","false","true","42920140975446045","","","",""
"a2G5f000000xau8EAA","0055f000004XdsRAAS","","Entity Compliance Screen","2021-11-10T13:29:22.000Z","0055f000004XdsRAAS","2021-11-10T13:29:22.000Z","0055f000004XdsRAAS","","","","","","","false","true","42875195092745613","","","",""
"a2G5f000000xau9EAA","0055f000004XdsRAAS","","Loan Compliance Screen","2021-11-10T13:29:22.000Z","0055f000004XdsRAAS","2021-11-10T13:29:22.000Z","0055f000004XdsRAAS","","","","","","","false","true","42300854924496650","","","",""
"a2G5f000000xauAEAQ","0055f000004XdsRAAS","","Memo Details","2021-11-10T13:29:22.000Z","0055f000004XdsRAAS","2021-11-10T13:29:22.000Z","0055f000004XdsRAAS","","","","","","","false","true","42453478693303001","","","",""
"a2G5f000000xauBEAQ","0055f000004XdsRAAS","","Package Details","2021-11-10T13:29:22.000Z","0055f000004XdsRAAS","2021-11-10T13:29:22.000Z","0055f000004XdsRAAS","","","","","","","false","true","42177182337892182","","","",""
"a2G5f000000xauCEAQ","0055f000004XdsRAAS","","Deposits","2021-11-10T13:29:22.000Z","0055f000004XdsRAAS","2021-11-10T13:29:22.000Z","0055f000004XdsRAAS","","","","","","","false","true","42177182337892183","","","",""
"a2G5f000000xauDEAQ","0055f000004XdsRAAS","","pp-tn-review-detail","2021-11-10T13:29:22.000Z","0055f000004XdsRAAS","2021-11-10T13:29:22.000Z","0055f000004XdsRAAS","","","","","","","false","true","42623826249591830","","","",""
"a2G5f000000xauEEAQ","0055f000004XdsRAAS","","Credit Actions New Package Details","2021-11-10T13:29:22.000Z","0055f000004XdsRAAS","2021-11-10T13:29:22.000Z","0055f000004XdsRAAS","","","","","","","false","true","42288156731909944","","","",""
"a2G5f000000xauFEAQ","0055f000004XdsRAAS","","Supplementary Details","2021-11-10T13:29:22.000Z","0055f000004XdsRAAS","2021-11-10T13:29:22.000Z","0055f000004XdsRAAS","","","","","","","false","true","38211585604340854","","","",""
"a2G5f000000xauGEAQ","0055f000005hWQQAA2","","Manage Budget Screen","2021-11-10T13:29:22.000Z","0055f000005hWQQAA2","2021-11-10T13:29:22.000Z","0055f000005hWQQAA2","","","","","","","false","true","42622713689821035","","","",""
"a2G5f000000xauHEAQ","0055f000005hWQQAA2","","Draw Overview Screen","2021-11-10T13:29:22.000Z","0055f000005hWQQAA2","2021-11-10T13:29:22.000Z","0055f000005hWQQAA2","","","","","","","false","true","42189632957882651","","","",""
"a2G5f000000xauIEAQ","0055f000005hWQQAA2","","Draw History Screen","2021-11-10T13:29:22.000Z","0055f000005hWQQAA2","2021-11-10T13:29:22.000Z","0055f000005hWQQAA2","","","","","","","false","true","42419863457011593","","","",""
"a2G5f000000xauJEAQ","0055f000004XdsRAAS","","Narrative Booked","2021-11-10T13:29:22.000Z","0055f000004XdsRAAS","2021-11-10T13:29:22.000Z","0055f000004XdsRAAS","","","","","","","false","true","10941585604340854","","","",""
"a2G5f000000xauKEAQ","0055f000004XdsRAAS","","Booked Information Booked","2021-11-10T13:29:22.000Z","0055f000004XdsRAAS","2021-11-10T13:29:22.000Z","0055f000004XdsRAAS","","","","","","","false","true","69801585604340854","","","",""
"a2G5f000000xauLEAQ","0055f000004XdsRAAS","","Balance Details Booked","2021-11-10T13:29:22.000Z","0055f000004XdsRAAS","2021-11-10T13:29:22.000Z","0055f000004XdsRAAS","","","","","","","false","true","25741585604340854","","","",""
"a2G5f000000xauMEAQ","0055f000004XdsRAAS","","Editable Fields","2021-11-10T13:29:22.000Z","0055f000004XdsRAAS","2021-11-10T13:29:22.000Z","0055f000004XdsRAAS","","","","","","","false","true","07281585604340854","","","",""
"a2G5f000000xauNEAQ","0055f000004XdsRAAS","","Treasury Service Details","2021-11-10T13:29:22.000Z","0055f000004XdsRAAS","2021-11-10T13:29:22.000Z","0055f000004XdsRAAS","","","","","","","false","true","42634238437115000","","","",""
"a2G5f000000xauOEAQ","0055f000004XdsRAAS","","Booked Details","2021-11-10T13:29:22.000Z","0055f000004XdsRAAS","2021-11-10T13:29:22.000Z","0055f000004XdsRAAS","","","","","","","false","true","XXX44432723848796","","","",""
"a2G5f000000xauPEAQ","0055f000004XdsRAAS","","Memos Booked","2021-11-10T13:29:22.000Z","0055f000004XdsRAAS","2021-11-10T13:29:22.000Z","0055f000004XdsRAAS","","","","","","","false","true","15561585604340854","","","",""
"a2G5f000000xauREAQ","0055f000005hWQbAAM","","ReviewSubmitLoan","2021-11-10T13:29:22.000Z","0055f000005hWQbAAM","2021-11-10T13:29:22.000Z","0055f000005hWQbAAM","","","","","","","false","false","663C2A1F_6450_4217_911C_753916454F18","","","",""
"a2G5f000000xauSEAQ","0055f000004XdsRAAS","","Collateral Summary","2021-11-10T13:29:22.000Z","0055f000004XdsRAAS","2021-11-10T13:29:22.000Z","0055f000004XdsRAAS","","","","","","","false","true","42844102433828463","","","",""
"a2G5f000000xauTEAQ","0055f000004XdsRAAS","","Enhanced Fees Management","2021-11-10T13:29:22.000Z","0055f000004XdsRAAS","2021-11-10T13:29:22.000Z","0055f000004XdsRAAS","","","","","","","false","true","42636543826044552","","","",""
"a2G5f000000xauUEAQ","0055f000004XdsRAAS","","Third Party Management","2021-11-10T13:29:22.000Z","0055f000004XdsRAAS","2021-11-10T13:29:22.000Z","0055f000004XdsRAAS","","","","","","","false","true","42777805345713930","","","",""
"a2G5f000000xauVEAQ","0055f000004XdsRAAS","","HMDA","2021-11-10T13:29:22.000Z","0055f000004XdsRAAS","2021-11-10T13:29:22.000Z","0055f000004XdsRAAS","","","","","","","false","true","42205446113358093","","","",""
"a2G5f000000xauWEAQ","0055f000004XdsRAAS","","Third Party Management","2021-11-10T13:29:22.000Z","0055f000004XdsRAAS","2021-11-10T13:29:22.000Z","0055f000004XdsRAAS","","","","","","","false","true","32571600720267875","","","",""
"a2G5f000000xauXEAQ","0055f000004XdsRAAS","","HMDA","2021-11-10T13:29:22.000Z","0055f000004XdsRAAS","2021-11-10T13:29:22.000Z","0055f000004XdsRAAS","","","","","","","false","true","43751600720267875","","","",""
"a2G5f000000xauYEAQ","0055f000004XdsRAAS","","Enhanced Fees Management","2021-11-10T13:29:22.000Z","0055f000004XdsRAAS","2021-11-10T13:29:22.000Z","0055f000004XdsRAAS","","","","","","","false","true","91121600720341505","","","",""
"a2G5f000000xauZEAQ","0055f000004XdsRAAS","","Third Party Management","2021-11-10T13:29:22.000Z","0055f000004XdsRAAS","2021-11-10T13:29:22.000Z","0055f000004XdsRAAS","","","","","","","false","true","56121600720341505","","","",""
"a2G5f000000xauaEAA","0055f000004XdsRAAS","","HMDA","2021-11-10T13:29:22.000Z","0055f000004XdsRAAS","2021-11-10T13:29:22.000Z","0055f000004XdsRAAS","","","","","","","false","true","81231600720341506","","","",""
"a2G5f000000xaubEAA","0055f000004XdsRAAS","","Secured RL Eligibility","2021-11-10T13:29:22.000Z","0055f000004XdsRAAS","2021-11-10T13:29:22.000Z","0055f000004XdsRAAS","","","","","","","false","true","42680677819141440","","","",""
"a2G5f000000xaucEAA","0055f000004XdsRAAS","","RL Personal","2021-11-10T13:29:22.000Z","0055f000004XdsRAAS","2021-11-10T13:29:22.000Z","0055f000004XdsRAAS","","","","","","","false","true","42839024562930024","","","",""
"a2G5f000000xaudEAA","0055f000004XdsRAAS","","Secured RL Personal (Individual Other Involved)","2021-11-10T13:29:22.000Z","0055f000004XdsRAAS","2021-11-10T13:29:22.000Z","0055f000004XdsRAAS","","","","","","","false","true","42134323729079888","","","",""
"a2G5f000000xaufEAA","0055f000004XdsRAAS","","Enhanced Fees Management","2021-11-10T13:29:22.000Z","0055f000004XdsRAAS","2021-11-10T13:29:22.000Z","0055f000004XdsRAAS","","","","","","","false","true","70101602764631366","","","",""
"a2G5f000000xaugEAA","0055f000004XdsRAAS","","Third Party Management","2021-11-10T13:29:22.000Z","0055f000004XdsRAAS","2021-11-10T13:29:22.000Z","0055f000004XdsRAAS","","","","","","","false","true","48401602764631366","","","",""
"a2G5f000000xauhEAA","0055f000004XdsRAAS","","HMDA","2021-11-10T13:29:22.000Z","0055f000004XdsRAAS","2021-11-10T13:29:22.000Z","0055f000004XdsRAAS","","","","","","","false","true","73351602764631366","","","",""
"a2G5f000000xauiEAA","0055f000004XdsRAAS","","Next Steps","2021-11-10T13:29:22.000Z","0055f000004XdsRAAS","2021-11-10T13:29:22.000Z","0055f000004XdsRAAS","","","","","","","false","true","42621602764631367","","","",""
"a2G5f000000xaujEAA","0055f000004XdsRAAS","","Manual Underwriting","2021-11-10T13:29:22.000Z","0055f000004XdsRAAS","2021-11-10T13:29:22.000Z","0055f000004XdsRAAS","","","","","","","false","true","81511602764631367","","","",""
"a2G5f000000xaukEAA","0055f000004XdsRAAS","","Approval Details","2021-11-10T13:29:22.000Z","0055f000004XdsRAAS","2021-11-10T13:29:22.000Z","0055f000004XdsRAAS","","","","","","","false","true","37541602764631367","","","",""
"a2G5f000000xaulEAA","0055f000004XdsRAAS","","Add Others Involved MRF","2021-11-10T13:29:22.000Z","0055f000004XdsRAAS","2021-11-10T13:29:22.000Z","0055f000004XdsRAAS","","","","","","","false","true","42057741056995051","","","",""
"a2G5f000000xaumEAA","0055f000004XdsRAAS","","Add Others Involved MRF","2021-11-10T13:29:22.000Z","0055f000004XdsRAAS","2021-11-10T13:29:22.000Z","0055f000004XdsRAAS","","","","","","","false","true","42552938228272786","","","",""
