"Id","IsDeleted","Name","CreatedDate","CreatedById","LastModifiedDate","LastModifiedById","SystemModstamp","ConnectionReceivedId","ConnectionSentId","nFORCE__Screen__c","nFORCE__Break_Page_After__c","nFORCE__Break_Page_Before__c","nFORCE__Default_Editable__c","nFORCE__Default_Rendered__c","nFORCE__Disable_Print__c","nFORCE__Display_Order__c","nFORCE__Display_Toggle_Effect__c","nFORCE__Display_Toggle_Header__c","nFORCE__Display_Toggle_Link__c","nFORCE__Headless__c","nFORCE__Inactive__c","nFORCE__Instructions_Text__c","nFORCE__Is_Editable__c","nFORCE__Layout__c","nFORCE__Screen_View__c","nFORCE__Section_Resource__c","nFORCE__Widget__c","nFORCE__lookupKey__c","nFORCE__sObject_Type__c","nPortal__Portal_Header_Text__c","nPortal__Portal_Subheader_Text__c","nFORCE__Conditional_Display_Criteria__c","nFORCE__Parent_Screen_Section__c","nFORCE__Number_of_Columns__c","Custom_Code_in_Screen_Section__c","nFORCE__Are_Columns_Sortable__c","nFORCE__Auto_Save__c","nFORCE__Validation_Service__c","AutorabitExtId__c"
"a2F4W000009H0KgUAK","","Collateral Details","2020-09-14T16:11:57.000Z","0054W00000AfrvnQAB","2022-03-20T09:46:13.000Z","0054W00000AfrvnQAB","","","","a2G4W000002oCeVUAU","false","false","false","false","false","","slide","true","false","false","true","","true","","","MappedSObjectScreenResource","","42408547330158687","LLC_BI__Loan_Collateral2__c","","","","","","","false","false","","a2F4W000009H0KgUAK"
"a2F4W000009H0KhUAK","","Collateral Valuation","2020-09-14T16:11:57.000Z","0054W00000AfrvnQAB","2022-03-20T09:46:13.000Z","0054W00000AfrvnQAB","","","","a2G4W000002oCeVUAU","false","false","false","false","false","","slide","true","false","false","false","","true","","","MappedSObjectScreenResource","","42770916055813452","LLC_BI__Collateral__c","","","","","","","false","false","","a2F4W000009H0KhUAK"
"a2F4W000009H0KiUAK","","Pledge Details","2020-09-14T16:11:57.000Z","0054W00000AfrvnQAB","2022-03-20T09:46:13.000Z","0054W00000AfrvnQAB","","","","a2G4W000002oCeVUAU","false","false","false","false","false","","slide","true","false","false","true","","true","","","MappedSObjectScreenResource","","42837477030719818","LLC_BI__Loan_Collateral2__c","","","","","","","false","false","","a2F4W000009H0KiUAK"
"a2F4W000009H0KjUAK","","Collateral Search Results","2020-09-14T16:11:57.000Z","0054W00000AfrvnQAB","2022-03-20T09:46:13.000Z","0054W00000AfrvnQAB","","","","a2G4W000002oCeVUAU","false","false","false","false","false","","slide","true","false","false","false","","true","","","MappedSObjectScreenResource","","42341236978633924","LLC_BI__Collateral__c","","","","","","","false","false","","a2F4W000009H0KjUAK"
"a2F4W000009H0KkUAK","","Bulk Pledge Details","2020-09-14T16:11:57.000Z","0054W00000AfrvnQAB","2022-03-20T09:46:13.000Z","0054W00000AfrvnQAB","","","","a2G4W000002oCeVUAU","false","false","false","false","false","","slide","true","false","false","false","","true","","","CustomSObjectListScreenResource","","42922597703739427","LLC_BI__Loan_Collateral2__c","","","","","","","false","false","","a2F4W000009H0KkUAK"
"a2F4W000009H0KtUAK","","Collateral Details","2020-09-14T16:11:57.000Z","0054W00000AfrvnQAB","2022-03-20T09:46:13.000Z","0054W00000AfrvnQAB","","","","a2G4W000002oCeSUAU","false","false","false","false","false","","slide","true","false","false","true","","true","","","MappedSObjectScreenResource","","42756644578938984","LLC_BI__Loan_Collateral2__c","","","","","","","false","false","","a2F4W000009H0KtUAK"
"a2F4W000009H0KuUAK","","Collateral Valuation","2020-09-14T16:11:57.000Z","0054W00000AfrvnQAB","2022-03-20T09:46:13.000Z","0054W00000AfrvnQAB","","","","a2G4W000002oCeSUAU","false","false","false","false","false","","slide","true","false","false","false","","true","","","MappedSObjectScreenResource","","42556818826445827","LLC_BI__Collateral__c","","","","","","","false","false","","a2F4W000009H0KuUAK"
"a2F4W000009H0KvUAK","","Pledge Details","2020-09-14T16:11:57.000Z","0054W00000AfrvnQAB","2022-03-20T09:46:13.000Z","0054W00000AfrvnQAB","","","","a2G4W000002oCeSUAU","false","false","false","false","false","","slide","true","false","false","true","","true","","","MappedSObjectScreenResource","","42954666193102875","LLC_BI__Loan_Collateral2__c","","","","","","","false","false","","a2F4W000009H0KvUAK"
"a2F4W000009H0KwUAK","","Collateral Search Results","2020-09-14T16:11:57.000Z","0054W00000AfrvnQAB","2022-03-20T09:46:13.000Z","0054W00000AfrvnQAB","","","","a2G4W000002oCeSUAU","false","false","false","false","false","","slide","true","false","false","false","","true","","","MappedSObjectScreenResource","","4289077711468689","LLC_BI__Collateral__c","","","","","","","false","false","","a2F4W000009H0KwUAK"
"a2F4W000009H0KxUAK","","Bulk Pledge Details","2020-09-14T16:11:57.000Z","0054W00000AfrvnQAB","2022-03-20T09:46:13.000Z","0054W00000AfrvnQAB","","","","a2G4W000002oCeSUAU","false","false","false","false","false","","slide","true","false","false","false","","true","","","CustomSObjectListScreenResource","","42112852178994770","LLC_BI__Loan_Collateral2__c","","","","","","","false","false","","a2F4W000009H0KxUAK"
"a2F4W000009H0KyUAK","","Collateral Details","2020-09-14T16:11:57.000Z","0054W00000AfrvnQAB","2022-03-20T09:46:13.000Z","0054W00000AfrvnQAB","","","","a2G4W000002oCeUUAU","false","false","false","false","false","","slide","true","false","false","true","","true","","","MappedSObjectScreenResource","","42056851150727842","LLC_BI__Loan_Collateral2__c","","","","","","","false","false","","a2F4W000009H0KyUAK"
"a2F4W000009H0KzUAK","","Collateral Valuation","2020-09-14T16:11:57.000Z","0054W00000AfrvnQAB","2022-03-20T09:46:13.000Z","0054W00000AfrvnQAB","","","","a2G4W000002oCeUUAU","false","false","false","false","false","","slide","true","false","false","false","","true","","","MappedSObjectScreenResource","","42942024594527494","LLC_BI__Collateral__c","","","","","","","false","false","","a2F4W000009H0KzUAK"
"a2F4W000009H0L0UAK","","Pledge Details","2020-09-14T16:11:57.000Z","0054W00000AfrvnQAB","2022-03-20T09:46:13.000Z","0054W00000AfrvnQAB","","","","a2G4W000002oCeUUAU","false","false","false","false","false","","slide","true","false","false","true","","true","","","MappedSObjectScreenResource","","42560036649135156","LLC_BI__Loan_Collateral2__c","","","","","","","false","false","","a2F4W000009H0L0UAK"
"a2F4W000009H0L1UAK","","Collateral Search Results","2020-09-14T16:11:57.000Z","0054W00000AfrvnQAB","2022-03-20T09:46:13.000Z","0054W00000AfrvnQAB","","","","a2G4W000002oCeUUAU","false","false","false","false","false","","slide","true","false","false","false","","true","","","MappedSObjectScreenResource","","42275749942731791","LLC_BI__Collateral__c","","","","","","","false","false","","a2F4W000009H0L1UAK"
"a2F4W000009H0L2UAK","","Bulk Pledge Details","2020-09-14T16:11:57.000Z","0054W00000AfrvnQAB","2022-03-20T09:46:13.000Z","0054W00000AfrvnQAB","","","","a2G4W000002oCeUUAU","false","false","false","false","false","","slide","true","false","false","false","","true","","","CustomSObjectListScreenResource","","42890787500455069","LLC_BI__Loan_Collateral2__c","","","","","","","false","false","","a2F4W000009H0L2UAK"
"a2F4W000009KyC0UAK","","Bulk Pledge Details","2021-04-25T09:17:38.000Z","0054W00000AfrvnQAB","2022-02-02T07:57:05.000Z","0054W00000AfrvnQAB","","","","a2G4W000002pB9SUAU","false","false","false","false","false","","slide","true","false","false","false","","true","","","ConfiguredSObjectScreenResource","","42050637234859628","LLC_BI__Loan_Collateral2__c","","","","","","","false","false","","a334T000000GtmgQAC"
"a2F4W000009KyCiUAK","","Collateral Details","2021-04-25T09:17:38.000Z","0054W00000AfrvnQAB","2022-02-02T07:53:43.000Z","0054W00000AfrvnQAB","","","","a2G4W000002pB9SUAU","false","false","false","false","false","","slide","true","false","false","true","","true","","","MappedSObjectScreenResource","","42607265308893146","LLC_BI__Loan_Collateral2__c","","","","","","","false","false","","a334T000000GtnOQAS"
"a2F4W000009KyCjUAK","","Collateral Valuation","2021-04-25T09:17:38.000Z","0054W00000AfrvnQAB","2022-02-02T07:53:43.000Z","0054W00000AfrvnQAB","","","","a2G4W000002pB9SUAU","false","false","false","false","false","","slide","true","false","false","false","","true","","","MappedSObjectScreenResource","","42077465207266559","LLC_BI__Collateral__c","","","","","","","false","false","","a334T000000GtnPQAS"
"a2F4W000009KyCkUAK","","Pledge Details","2021-04-25T09:17:38.000Z","0054W00000AfrvnQAB","2022-02-02T07:53:43.000Z","0054W00000AfrvnQAB","","","","a2G4W000002pB9SUAU","false","false","false","false","false","","slide","true","false","false","true","","true","","","MappedSObjectScreenResource","","42165069595139343","LLC_BI__Loan_Collateral2__c","","","","","","","false","false","","a334T000000GtnQQAS"
"a2F4W000009KyClUAK","","Collateral Search Results","2021-04-25T09:17:38.000Z","0054W00000AfrvnQAB","2022-02-02T07:53:43.000Z","0054W00000AfrvnQAB","","","","a2G4W000002pB9SUAU","false","false","false","false","false","","slide","true","false","false","false","","true","","","MappedSObjectScreenResource","","42384811655248690","LLC_BI__Collateral__c","","","","","","","false","false","","a334T000000GtnRQAS"
